rundate,this_period,last_period,group_name,airport_1_name,airport_2_name,total_pax_this_period,total_pax_scheduled_this_period,total_pax_charter_this_period,total_pax_last_period,total_pax_scheduled_last_period,total_pax_charter_last_period,total_pax_percent,charters_tm_only_small_acf,charters_lm_only_small_acf
05-May-2016 09:33,201603,201503,Other Reporting Airports      ,ABERDEEN                      ,ABERDEEN                      , 4 , 4 , 0 , 0 , 0 , 0 ,Null,N,N
05-May-2016 09:33,201603,201503,Other Reporting Airports      ,ABERDEEN                      ,BELFAST CITY (GEORGE BEST)    , 3280 , 3280 , 0 , 3800 , 3800 , 0 ,-13.68421 ,N,N
05-May-2016 09:33,201603,201503,Other Reporting Airports      ,ABERDEEN                      ,BIRMINGHAM                    , 9902 , 9902 , 0 , 10294 , 10294 , 0 ,-3.808043 ,N,N
05-May-2016 09:33,201603,201503,Other Reporting Airports      ,ABERDEEN                      ,BRISTOL                       , 1727 , 1727 , 0 , 2508 , 2508 , 0 ,-31.14035 ,N,N
05-May-2016 09:33,201603,201503,Other Reporting Airports      ,ABERDEEN                      ,CARDIFF WALES                 , 691 , 691 , 0 , 1072 , 1072 , 0 ,-35.54105 ,N,N
05-May-2016 09:33,201603,201503,Other Reporting Airports      ,ABERDEEN                      ,DURHAM TEES VALLEY            , 2038 , 2038 , 0 , 2488 , 2488 , 0 ,-18.08682 ,N,N
05-May-2016 09:33,201603,201503,Other Reporting Airports      ,ABERDEEN                      ,EAST MIDLANDS INTERNATIONAL   , 1191 , 1191 , 0 , 1414 , 1414 , 0 ,-15.77086 ,N,N
05-May-2016 09:33,201603,201503,Other Reporting Airports      ,ABERDEEN                      ,GATWICK                       , 13932 , 13932 , 0 , 13411 , 13411 , 0 , 3.884871 ,N,N
05-May-2016 09:33,201603,201503,Other Reporting Airports      ,ABERDEEN                      ,HEATHROW                      , 45122 , 45122 , 0 , 58087 , 58087 , 0 ,-22.31997 ,N,N
05-May-2016 09:33,201603,201503,Other Reporting Airports      ,ABERDEEN                      ,HUMBERSIDE                    , 2065 , 2065 , 0 , 2587 , 2587 , 0 ,-20.17781 ,N,N
05-May-2016 09:33,201603,201503,Other Reporting Airports      ,ABERDEEN                      ,JERSEY                        , 0 , 0 , 0 , 5048 , 5048 , 0 ,-100 ,N,N
05-May-2016 09:33,201603,201503,Other Reporting Airports      ,ABERDEEN                      ,KIRKWALL                      , 3748 , 3748 , 0 , 4038 , 4038 , 0 ,-7.181773 ,N,N
05-May-2016 09:33,201603,201503,Other Reporting Airports      ,ABERDEEN                      ,LEEDS BRADFORD                , 574 , 574 , 0 , 1057 , 1057 , 0 ,-45.69537 ,N,N
05-May-2016 09:33,201603,201503,Other Reporting Airports      ,ABERDEEN                      ,LONDON CITY                   , 6092 , 6092 , 0 , 5171 , 5171 , 0 , 17.81087 ,N,N
05-May-2016 09:33,201603,201503,Other Reporting Airports      ,ABERDEEN                      ,LUTON                         , 5871 , 5871 , 0 , 4908 , 4906 , 2 , 19.62103 ,N,N
05-May-2016 09:33,201603,201503,Other Reporting Airports      ,ABERDEEN                      ,MANCHESTER                    , 16985 , 16923 , 62 , 18505 , 18309 , 196 ,-8.213996 ,N,N
05-May-2016 09:33,201603,201503,Other Reporting Airports      ,ABERDEEN                      ,NEWCASTLE                     , 1190 , 1190 , 0 , 2055 , 2055 , 0 ,-42.09246 ,N,N
05-May-2016 09:33,201603,201503,Other Reporting Airports      ,ABERDEEN                      ,NORWICH                       , 3737 , 3737 , 0 , 4693 , 4693 , 0 ,-20.37077 ,N,N
05-May-2016 09:33,201603,201503,Other Reporting Airports      ,ABERDEEN                      ,SCATSTA                       , 8216 , 266 , 7950 , 14245 , 0 , 14245 ,-42.32362 ,N,N
05-May-2016 09:33,201603,201503,Other Reporting Airports      ,ABERDEEN                      ,SOUTHAMPTON                   , 846 , 846 , 0 , 1443 , 1443 , 0 ,-41.37214 ,N,N
05-May-2016 09:33,201603,201503,Other Reporting Airports      ,ABERDEEN                      ,STORNOWAY                     , 457 , 457 , 0 , 475 , 475 , 0 ,-3.789474 ,N,N
05-May-2016 09:33,201603,201503,Other Reporting Airports      ,ABERDEEN                      ,SUMBURGH                      , 6510 , 5804 , 706 , 11049 , 6617 , 4432 ,-41.08064 ,N,N
05-May-2016 09:33,201603,201503,Other Reporting Airports      ,ABERDEEN                      ,WICK JOHN O GROATS            , 977 , 977 , 0 , 1167 , 1167 , 0 ,-16.28106 ,N,N
05-May-2016 09:33,201603,201503,Other Reporting Airports      ,ALDERNEY                      ,GUERNSEY                      , 2837 , 2837 , 0 , 2744 , 2744 , 0 , 3.389213 ,N,N
05-May-2016 09:33,201603,201503,Other Reporting Airports      ,ALDERNEY                      ,JERSEY                        , 0 , 0 , 0 , 89 , 0 , 89 ,-100 ,N,Y
05-May-2016 09:33,201603,201503,Other Reporting Airports      ,ALDERNEY                      ,SOUTHAMPTON                   , 1540 , 1540 , 0 , 1423 , 1423 , 0 , 8.222066 ,N,N
05-May-2016 09:33,201603,201503,Other Reporting Airports      ,BARRA                         ,GLASGOW                       , 1030 , 1030 , 0 , 619 , 619 , 0 , 66.39742 ,N,N
05-May-2016 09:33,201603,201503,Other Reporting Airports      ,BELFAST CITY (GEORGE BEST)    ,ABERDEEN                      , 3245 , 3245 , 0 , 3755 , 3755 , 0 ,-13.58189 ,N,N
05-May-2016 09:33,201603,201503,Other Reporting Airports      ,BELFAST CITY (GEORGE BEST)    ,BIRMINGHAM                    , 20928 , 20928 , 0 , 21284 , 21284 , 0 ,-1.672618 ,N,N
05-May-2016 09:33,201603,201503,Other Reporting Airports      ,BELFAST CITY (GEORGE BEST)    ,CARDIFF WALES                 , 3433 , 3433 , 0 , 3237 , 3237 , 0 , 6.054989 ,N,N
05-May-2016 09:33,201603,201503,Other Reporting Airports      ,BELFAST CITY (GEORGE BEST)    ,EAST MIDLANDS INTERNATIONAL   , 11754 , 11754 , 0 , 12859 , 12859 , 0 ,-8.593204 ,N,N
05-May-2016 09:33,201603,201503,Other Reporting Airports      ,BELFAST CITY (GEORGE BEST)    ,EDINBURGH                     , 12750 , 12750 , 0 , 10628 , 10628 , 0 , 19.96613 ,N,N
05-May-2016 09:33,201603,201503,Other Reporting Airports      ,BELFAST CITY (GEORGE BEST)    ,EXETER                        , 1546 , 1546 , 0 , 2706 , 2706 , 0 ,-42.8677 ,N,N
05-May-2016 09:33,201603,201503,Other Reporting Airports      ,BELFAST CITY (GEORGE BEST)    ,GATWICK                       , 13094 , 13094 , 0 , 17421 , 17421 , 0 ,-24.83784 ,N,N
05-May-2016 09:33,201603,201503,Other Reporting Airports      ,BELFAST CITY (GEORGE BEST)    ,GLASGOW                       , 13761 , 13761 , 0 , 13395 , 13395 , 0 , 2.732363 ,N,N
05-May-2016 09:33,201603,201503,Other Reporting Airports      ,BELFAST CITY (GEORGE BEST)    ,HEATHROW                      , 55623 , 55623 , 0 , 54881 , 54881 , 0 , 1.352016 ,N,N
05-May-2016 09:33,201603,201503,Other Reporting Airports      ,BELFAST CITY (GEORGE BEST)    ,INVERNESS                     , 1867 , 1867 , 0 , 2378 , 2378 , 0 ,-21.48865 ,N,N
05-May-2016 09:33,201603,201503,Other Reporting Airports      ,BELFAST CITY (GEORGE BEST)    ,ISLE OF MAN                   , 2095 , 2095 , 0 , 1985 , 1985 , 0 , 5.541562 ,N,N
05-May-2016 09:33,201603,201503,Other Reporting Airports      ,BELFAST CITY (GEORGE BEST)    ,LEEDS BRADFORD                , 13205 , 13205 , 0 , 13313 , 13313 , 0 ,-0.8112372 ,N,N
05-May-2016 09:33,201603,201503,Other Reporting Airports      ,BELFAST CITY (GEORGE BEST)    ,LIVERPOOL (JOHN LENNON)       , 9074 , 9074 , 0 , 5500 , 5500 , 0 , 64.98182 ,N,N
05-May-2016 09:33,201603,201503,Other Reporting Airports      ,BELFAST CITY (GEORGE BEST)    ,LONDON CITY                   , 9079 , 9079 , 0 , 9840 , 9840 , 0 ,-7.73374 ,N,N
05-May-2016 09:33,201603,201503,Other Reporting Airports      ,BELFAST CITY (GEORGE BEST)    ,MANCHESTER                    , 21426 , 21354 , 72 , 24612 , 24612 , 0 ,-12.94491 ,N,N
05-May-2016 09:33,201603,201503,Other Reporting Airports      ,BELFAST CITY (GEORGE BEST)    ,NEWCASTLE                     , 1443 , 1443 , 0 , 1629 , 1629 , 0 ,-11.41805 ,N,N
05-May-2016 09:33,201603,201503,Other Reporting Airports      ,BELFAST CITY (GEORGE BEST)    ,SOUTHAMPTON                   , 8931 , 8931 , 0 , 9234 , 9234 , 0 ,-3.281352 ,N,N
05-May-2016 09:33,201603,201503,Other Reporting Airports      ,BELFAST INTERNATIONAL         ,BIRMINGHAM                    , 21815 , 21815 , 0 , 17702 , 17702 , 0 , 23.23466 ,N,N
05-May-2016 09:33,201603,201503,Other Reporting Airports      ,BELFAST INTERNATIONAL         ,BRISTOL                       , 21695 , 21695 , 0 , 22801 , 22801 , 0 ,-4.850665 ,N,N
05-May-2016 09:33,201603,201503,Other Reporting Airports      ,BELFAST INTERNATIONAL         ,CARDIFF WALES                 , 0 , 0 , 0 , 121 , 0 , 121 ,-100 ,N,N
05-May-2016 09:33,201603,201503,Other Reporting Airports      ,BELFAST INTERNATIONAL         ,EDINBURGH                     , 24239 , 24239 , 0 , 23611 , 23611 , 0 , 2.659777 ,N,N
05-May-2016 09:33,201603,201503,Other Reporting Airports      ,BELFAST INTERNATIONAL         ,GATWICK                       , 49039 , 49039 , 0 , 38459 , 38459 , 0 , 27.50982 ,N,N
05-May-2016 09:33,201603,201503,Other Reporting Airports      ,BELFAST INTERNATIONAL         ,GLASGOW                       , 24588 , 24504 , 84 , 23507 , 23507 , 0 , 4.59863 ,N,N
05-May-2016 09:33,201603,201503,Other Reporting Airports      ,BELFAST INTERNATIONAL         ,JERSEY                        , 238 , 238 , 0 , 0 , 0 , 0 ,Null,N,N
05-May-2016 09:33,201603,201503,Other Reporting Airports      ,BELFAST INTERNATIONAL         ,LIVERPOOL (JOHN LENNON)       , 42909 , 42909 , 0 , 39815 , 39815 , 0 , 7.770941 ,N,N
05-May-2016 09:33,201603,201503,Other Reporting Airports      ,BELFAST INTERNATIONAL         ,LUTON                         , 26975 , 26968 , 7 , 23049 , 23049 , 0 , 17.03328 ,N,N
05-May-2016 09:33,201603,201503,Other Reporting Airports      ,BELFAST INTERNATIONAL         ,MANCHESTER                    , 22482 , 22482 , 0 , 19675 , 19675 , 0 , 14.26684 ,N,N
05-May-2016 09:33,201603,201503,Other Reporting Airports      ,BELFAST INTERNATIONAL         ,NEWCASTLE                     , 21494 , 21494 , 0 , 19852 , 19852 , 0 , 8.271207 ,N,N
05-May-2016 09:33,201603,201503,Other Reporting Airports      ,BELFAST INTERNATIONAL         ,PERTH (UK)                    , 3 , 0 , 3 , 0 , 0 , 0 ,Null,N,N
05-May-2016 09:33,201603,201503,Other Reporting Airports      ,BELFAST INTERNATIONAL         ,SOUTHEND                      , 0 , 0 , 0 , 47 , 0 , 47 ,-100 ,N,N
05-May-2016 09:33,201603,201503,Other Reporting Airports      ,BELFAST INTERNATIONAL         ,STANSTED                      , 32979 , 32979 , 0 , 28068 , 28068 , 0 , 17.49679 ,N,N
05-May-2016 09:33,201603,201503,Other Reporting Airports      ,BENBECULA                     ,GLASGOW                       , 1819 , 1819 , 0 , 1773 , 1773 , 0 , 2.594473 ,N,N
05-May-2016 09:33,201603,201503,Other Reporting Airports      ,BENBECULA                     ,INVERNESS                     , 0 , 0 , 0 , 831 , 831 , 0 ,-100 ,N,N
05-May-2016 09:33,201603,201503,Other Reporting Airports      ,BENBECULA                     ,STORNOWAY                     , 742 , 742 , 0 , 0 , 0 , 0 ,Null,N,N
05-May-2016 09:33,201603,201503,Other Reporting Airports      ,BIGGIN HILL                   ,EDINBURGH                     , 7 , 0 , 7 , 0 , 0 , 0 ,Null,Y,N
05-May-2016 09:33,201603,201503,Other Reporting Airports      ,BIGGIN HILL                   ,EXETER                        , 0 , 0 , 0 , 116 , 0 , 116 ,-100 ,N,N
05-May-2016 09:33,201603,201503,Other Reporting Airports      ,BIRMINGHAM                    ,ABERDEEN                      , 9848 , 9848 , 0 , 10275 , 10275 , 0 ,-4.155718 ,N,N
05-May-2016 09:33,201603,201503,Other Reporting Airports      ,BIRMINGHAM                    ,BELFAST CITY (GEORGE BEST)    , 20661 , 20661 , 0 , 21287 , 21287 , 0 ,-2.940762 ,N,N
05-May-2016 09:33,201603,201503,Other Reporting Airports      ,BIRMINGHAM                    ,BELFAST INTERNATIONAL         , 21676 , 21676 , 0 , 17586 , 17586 , 0 , 23.25714 ,N,N
05-May-2016 09:33,201603,201503,Other Reporting Airports      ,BIRMINGHAM                    ,EDINBURGH                     , 23877 , 23877 , 0 , 26103 , 26103 , 0 ,-8.527756 ,N,N
05-May-2016 09:33,201603,201503,Other Reporting Airports      ,BIRMINGHAM                    ,EXETER                        , 0 , 0 , 0 , 14 , 0 , 14 ,-100 ,N,N
05-May-2016 09:33,201603,201503,Other Reporting Airports      ,BIRMINGHAM                    ,GLASGOW                       , 19529 , 19529 , 0 , 19519 , 19519 , 0 , 5.123213E-02 ,N,N
05-May-2016 09:33,201603,201503,Other Reporting Airports      ,BIRMINGHAM                    ,GUERNSEY                      , 2822 , 2822 , 0 , 2791 , 2791 , 0 , 1.110713 ,N,N
05-May-2016 09:33,201603,201503,Other Reporting Airports      ,BIRMINGHAM                    ,INVERNESS                     , 3758 , 3758 , 0 , 2969 , 2969 , 0 , 26.5746 ,N,N
05-May-2016 09:33,201603,201503,Other Reporting Airports      ,BIRMINGHAM                    ,ISLE OF MAN                   , 3198 , 3198 , 0 , 3607 , 3607 , 0 ,-11.33906 ,N,N
05-May-2016 09:33,201603,201503,Other Reporting Airports      ,BIRMINGHAM                    ,JERSEY                        , 3839 , 3839 , 0 , 3320 , 3320 , 0 , 15.63253 ,N,N
05-May-2016 09:33,201603,201503,Other Reporting Airports      ,BIRMINGHAM                    ,LONDON CITY                   , 0 , 0 , 0 , 59 , 59 , 0 ,-100 ,N,N
05-May-2016 09:33,201603,201503,Other Reporting Airports      ,BIRMINGHAM                    ,MANCHESTER                    , 28 , 28 , 0 , 0 , 0 , 0 ,Null,N,N
05-May-2016 09:33,201603,201503,Other Reporting Airports      ,BIRMINGHAM                    ,NEWCASTLE                     , 846 , 846 , 0 , 781 , 781 , 0 , 8.322663 ,N,N
05-May-2016 09:33,201603,201503,Other Reporting Airports      ,BIRMINGHAM                    ,NEWQUAY                       , 504 , 504 , 0 , 298 , 298 , 0 , 69.12752 ,N,N
05-May-2016 09:33,201603,201503,Other Reporting Airports      ,BLACKPOOL                     ,ISLE OF MAN                   , 1061 , 1061 , 0 , 0 , 0 , 0 ,Null,N,N
05-May-2016 09:33,201603,201503,Other Reporting Airports      ,BOURNEMOUTH                   ,CARDIFF WALES                 , 68 , 0 , 68 , 0 , 0 , 0 ,Null,N,N
05-May-2016 09:33,201603,201503,Other Reporting Airports      ,BOURNEMOUTH                   ,GLASGOW                       , 0 , 0 , 0 , 185 , 185 , 0 ,-100 ,N,N
05-May-2016 09:33,201603,201503,Other Reporting Airports      ,BOURNEMOUTH                   ,MANCHESTER                    , 221 , 221 , 0 , 0 , 0 , 0 ,Null,N,N
05-May-2016 09:33,201603,201503,Other Reporting Airports      ,BOURNEMOUTH                   ,NEWCASTLE                     , 86 , 0 , 86 , 0 , 0 , 0 ,Null,N,N
05-May-2016 09:33,201603,201503,Other Reporting Airports      ,BRISTOL                       ,ABERDEEN                      , 1784 , 1784 , 0 , 2478 , 2478 , 0 ,-28.00646 ,N,N
05-May-2016 09:33,201603,201503,Other Reporting Airports      ,BRISTOL                       ,BELFAST INTERNATIONAL         , 21690 , 21690 , 0 , 22654 , 22654 , 0 ,-4.255319 ,N,N
05-May-2016 09:33,201603,201503,Other Reporting Airports      ,BRISTOL                       ,EDINBURGH                     , 34198 , 34198 , 0 , 29046 , 29046 , 0 , 17.73738 ,N,N
05-May-2016 09:33,201603,201503,Other Reporting Airports      ,BRISTOL                       ,GLASGOW                       , 27104 , 27104 , 0 , 24084 , 24084 , 0 , 12.53944 ,N,N
05-May-2016 09:33,201603,201503,Other Reporting Airports      ,BRISTOL                       ,GUERNSEY                      , 1721 , 1721 , 0 , 1484 , 1484 , 0 , 15.97035 ,N,N
05-May-2016 09:33,201603,201503,Other Reporting Airports      ,BRISTOL                       ,HAWARDEN                      , 216 , 3 , 213 , 488 , 0 , 488 ,-55.73771 ,N,N
05-May-2016 09:33,201603,201503,Other Reporting Airports      ,BRISTOL                       ,INVERNESS                     , 5303 , 5303 , 0 , 5623 , 5623 , 0 ,-5.690912 ,N,N
05-May-2016 09:33,201603,201503,Other Reporting Airports      ,BRISTOL                       ,ISLE OF MAN                   , 2045 , 2045 , 0 , 0 , 0 , 0 ,Null,N,N
05-May-2016 09:33,201603,201503,Other Reporting Airports      ,BRISTOL                       ,JERSEY                        , 2419 , 2419 , 0 , 2673 , 2673 , 0 ,-9.502432 ,N,N
05-May-2016 09:33,201603,201503,Other Reporting Airports      ,BRISTOL                       ,NEWCASTLE                     , 14399 , 14399 , 0 , 14116 , 14116 , 0 , 2.004817 ,N,N
05-May-2016 09:33,201603,201503,Other Reporting Airports      ,CAMPBELTOWN                   ,GLASGOW                       , 739 , 739 , 0 , 608 , 608 , 0 , 21.54605 ,N,N
05-May-2016 09:33,201603,201503,Other Reporting Airports      ,CARDIFF WALES                 ,ABERDEEN                      , 60 , 60 , 0 , 526 , 526 , 0 ,-88.59315 ,N,N
05-May-2016 09:33,201603,201503,Other Reporting Airports      ,CARDIFF WALES                 ,ANGLESEY (VALLEY)             , 761 , 761 , 0 , 1133 , 1133 , 0 ,-32.83319 ,N,N
05-May-2016 09:33,201603,201503,Other Reporting Airports      ,CARDIFF WALES                 ,BELFAST CITY (GEORGE BEST)    , 3497 , 3497 , 0 , 3238 , 3238 , 0 , 7.998765 ,N,N
05-May-2016 09:33,201603,201503,Other Reporting Airports      ,CARDIFF WALES                 ,BELFAST INTERNATIONAL         , 0 , 0 , 0 , 118 , 0 , 118 ,-100 ,N,N
05-May-2016 09:33,201603,201503,Other Reporting Airports      ,CARDIFF WALES                 ,BOURNEMOUTH                   , 68 , 0 , 68 , 0 , 0 , 0 ,Null,N,N
05-May-2016 09:33,201603,201503,Other Reporting Airports      ,CARDIFF WALES                 ,EDINBURGH                     , 8329 , 8329 , 0 , 3669 , 3669 , 0 , 127.0101 ,N,N
05-May-2016 09:33,201603,201503,Other Reporting Airports      ,CARDIFF WALES                 ,GLASGOW                       , 2627 , 2627 , 0 , 0 , 0 , 0 ,Null,N,N
05-May-2016 09:33,201603,201503,Other Reporting Airports      ,CARDIFF WALES                 ,JERSEY                        , 1051 , 1051 , 0 , 0 , 0 , 0 ,Null,N,N
05-May-2016 09:33,201603,201503,Other Reporting Airports      ,CARDIFF WALES                 ,LIVERPOOL (JOHN LENNON)       , 0 , 0 , 0 , 66 , 0 , 66 ,-100 ,N,N
05-May-2016 09:33,201603,201503,Other Reporting Airports      ,CARDIFF WALES                 ,NEWCASTLE                     , 1194 , 1194 , 0 , 885 , 885 , 0 , 34.91525 ,N,N
05-May-2016 09:33,201603,201503,Other Reporting Airports      ,CARDIFF WALES                 ,NORWICH                       , 68 , 0 , 68 , 0 , 0 , 0 ,Null,N,N
05-May-2016 09:33,201603,201503,Other Reporting Airports      ,CITY OF DERRY (EGLINTON)      ,GLASGOW                       , 6807 , 6807 , 0 , 6132 , 6132 , 0 , 11.00783 ,N,N
05-May-2016 09:33,201603,201503,Other Reporting Airports      ,CITY OF DERRY (EGLINTON)      ,LIVERPOOL (JOHN LENNON)       , 6928 , 6928 , 0 , 7279 , 7279 , 0 ,-4.822091 ,N,N
05-May-2016 09:33,201603,201503,Other Reporting Airports      ,CITY OF DERRY (EGLINTON)      ,STANSTED                      , 11855 , 11855 , 0 , 11293 , 11293 , 0 , 4.976534 ,N,N
05-May-2016 09:33,201603,201503,Other Reporting Airports      ,DONCASTER SHEFFIELD           ,JERSEY                        , 1168 , 1168 , 0 , 0 , 0 , 0 ,Null,N,N
05-May-2016 09:33,201603,201503,Other Reporting Airports      ,DONCASTER SHEFFIELD           ,NEWQUAY                       , 360 , 360 , 0 , 0 , 0 , 0 ,Null,N,N
05-May-2016 09:33,201603,201503,Other Reporting Airports      ,DUNDEE                        ,STANSTED                      , 1607 , 1607 , 0 , 1370 , 1370 , 0 , 17.29927 ,N,N
05-May-2016 09:33,201603,201503,Other Reporting Airports      ,DURHAM TEES VALLEY            ,ABERDEEN                      , 2149 , 2149 , 0 , 2448 , 2448 , 0 ,-12.21405 ,N,N
05-May-2016 09:33,201603,201503,Other Reporting Airports      ,DURHAM TEES VALLEY            ,LEEDS BRADFORD                , 10 , 10 , 0 , 0 , 0 , 0 ,Null,N,N
05-May-2016 09:33,201603,201503,Other Reporting Airports      ,EAST MIDLANDS INTERNATIONAL   ,ABERDEEN                      , 1055 , 1055 , 0 , 1400 , 1400 , 0 ,-24.64286 ,N,N
05-May-2016 09:33,201603,201503,Other Reporting Airports      ,EAST MIDLANDS INTERNATIONAL   ,BELFAST CITY (GEORGE BEST)    , 11835 , 11835 , 0 , 12789 , 12789 , 0 ,-7.459536 ,N,N
05-May-2016 09:33,201603,201503,Other Reporting Airports      ,EAST MIDLANDS INTERNATIONAL   ,EDINBURGH                     , 7914 , 7914 , 0 , 8806 , 8806 , 0 ,-10.12946 ,N,N
05-May-2016 09:33,201603,201503,Other Reporting Airports      ,EAST MIDLANDS INTERNATIONAL   ,GLASGOW                       , 9553 , 9553 , 0 , 9034 , 9034 , 0 , 5.744964 ,N,N
05-May-2016 09:33,201603,201503,Other Reporting Airports      ,EAST MIDLANDS INTERNATIONAL   ,GUERNSEY                      , 1665 , 1665 , 0 , 1440 , 1440 , 0 , 15.625 ,N,N
05-May-2016 09:33,201603,201503,Other Reporting Airports      ,EAST MIDLANDS INTERNATIONAL   ,HUMBERSIDE                    , 25 , 20 , 5 , 0 , 0 , 0 ,Null,N,N
05-May-2016 09:33,201603,201503,Other Reporting Airports      ,EAST MIDLANDS INTERNATIONAL   ,JERSEY                        , 1188 , 1188 , 0 , 2780 , 2780 , 0 ,-57.26619 ,N,N
05-May-2016 09:33,201603,201503,Other Reporting Airports      ,EAST MIDLANDS INTERNATIONAL   ,NEWCASTLE                     , 191 , 32 , 159 , 0 , 0 , 0 ,Null,N,N
05-May-2016 09:33,201603,201503,Other Reporting Airports      ,EDINBURGH                     ,BELFAST CITY (GEORGE BEST)    , 12794 , 12794 , 0 , 10698 , 10698 , 0 , 19.59245 ,N,N
05-May-2016 09:33,201603,201503,Other Reporting Airports      ,EDINBURGH                     ,BELFAST INTERNATIONAL         , 24219 , 24219 , 0 , 23607 , 23607 , 0 , 2.592451 ,N,N
05-May-2016 09:33,201603,201503,Other Reporting Airports      ,EDINBURGH                     ,BIRMINGHAM                    , 23996 , 23996 , 0 , 26216 , 26216 , 0 ,-8.468111 ,N,N
05-May-2016 09:33,201603,201503,Other Reporting Airports      ,EDINBURGH                     ,BRISTOL                       , 34165 , 34165 , 0 , 29472 , 29472 , 0 , 15.92359 ,N,N
05-May-2016 09:33,201603,201503,Other Reporting Airports      ,EDINBURGH                     ,CARDIFF WALES                 , 8308 , 8308 , 0 , 3754 , 3754 , 0 , 121.3106 ,N,N
05-May-2016 09:33,201603,201503,Other Reporting Airports      ,EDINBURGH                     ,EAST MIDLANDS INTERNATIONAL   , 7886 , 7886 , 0 , 8947 , 8947 , 0 ,-11.85872 ,N,N
05-May-2016 09:33,201603,201503,Other Reporting Airports      ,EDINBURGH                     ,EDINBURGH                     , 153 , 1 , 152 , 0 , 0 , 0 ,Null,N,N
05-May-2016 09:33,201603,201503,Other Reporting Airports      ,EDINBURGH                     ,EXETER                        , 3817 , 3817 , 0 , 2948 , 2948 , 0 , 29.47761 ,N,N
05-May-2016 09:33,201603,201503,Other Reporting Airports      ,EDINBURGH                     ,GATWICK                       , 55751 , 55583 , 168 , 55105 , 55105 , 0 , 1.172307 ,N,N
05-May-2016 09:33,201603,201503,Other Reporting Airports      ,EDINBURGH                     ,HEATHROW                      , 85723 , 85723 , 0 , 111210 , 111210 , 0 ,-22.9179 ,N,N
05-May-2016 09:33,201603,201503,Other Reporting Airports      ,EDINBURGH                     ,KIRKWALL                      , 3442 , 3442 , 0 , 3340 , 3340 , 0 , 3.053892 ,N,N
05-May-2016 09:33,201603,201503,Other Reporting Airports      ,EDINBURGH                     ,LIVERPOOL (JOHN LENNON)       , 1156 , 1156 , 0 , 0 , 0 , 0 ,Null,N,N
05-May-2016 09:33,201603,201503,Other Reporting Airports      ,EDINBURGH                     ,LONDON CITY                   , 49164 , 49164 , 0 , 48918 , 48918 , 0 , 0.5028824 ,N,N
05-May-2016 09:33,201603,201503,Other Reporting Airports      ,EDINBURGH                     ,LUTON                         , 22276 , 22276 , 0 , 22773 , 22773 , 0 ,-2.182409 ,N,N
05-May-2016 09:33,201603,201503,Other Reporting Airports      ,EDINBURGH                     ,MANCHESTER                    , 8394 , 8394 , 0 , 10889 , 10889 , 0 ,-22.91303 ,N,N
05-May-2016 09:33,201603,201503,Other Reporting Airports      ,EDINBURGH                     ,NORWICH                       , 2010 , 2010 , 0 , 2469 , 2469 , 0 ,-18.59052 ,N,N
05-May-2016 09:33,201603,201503,Other Reporting Airports      ,EDINBURGH                     ,SOUTHAMPTON                   , 15959 , 15959 , 0 , 15956 , 15956 , 0 , 0.0188017 ,N,N
05-May-2016 09:33,201603,201503,Other Reporting Airports      ,EDINBURGH                     ,STANSTED                      , 68462 , 68462 , 0 , 48049 , 48049 , 0 , 42.48372 ,N,N
05-May-2016 09:33,201603,201503,Other Reporting Airports      ,EDINBURGH                     ,STORNOWAY                     , 1588 , 1588 , 0 , 1743 , 1743 , 0 ,-8.892714 ,N,N
05-May-2016 09:33,201603,201503,Other Reporting Airports      ,EDINBURGH                     ,SUMBURGH                      , 3293 , 3293 , 0 , 3463 , 3463 , 0 ,-4.909039 ,N,N
05-May-2016 09:33,201603,201503,Other Reporting Airports      ,EDINBURGH                     ,WICK JOHN O GROATS            , 975 , 975 , 0 , 919 , 919 , 0 , 6.09358 ,N,N
05-May-2016 09:33,201603,201503,Other Reporting Airports      ,EXETER                        ,BELFAST CITY (GEORGE BEST)    , 1568 , 1568 , 0 , 2823 , 2823 , 0 ,-44.45625 ,N,N
05-May-2016 09:33,201603,201503,Other Reporting Airports      ,EXETER                        ,BIGGIN HILL                   , 0 , 0 , 0 , 112 , 0 , 112 ,-100 ,N,N
05-May-2016 09:33,201603,201503,Other Reporting Airports      ,EXETER                        ,BIRMINGHAM                    , 0 , 0 , 0 , 26 , 0 , 26 ,-100 ,N,N
05-May-2016 09:33,201603,201503,Other Reporting Airports      ,EXETER                        ,EDINBURGH                     , 3853 , 3802 , 51 , 2944 , 2944 , 0 , 30.87636 ,N,N
05-May-2016 09:33,201603,201503,Other Reporting Airports      ,EXETER                        ,GLASGOW                       , 1727 , 1727 , 0 , 0 , 0 , 0 ,Null,N,N
05-May-2016 09:33,201603,201503,Other Reporting Airports      ,EXETER                        ,GUERNSEY                      , 2178 , 2177 , 1 , 2228 , 2228 , 0 ,-2.244165 ,N,N
05-May-2016 09:33,201603,201503,Other Reporting Airports      ,EXETER                        ,ISLES OF SCILLY (ST.MARYS)    , 479 , 479 , 0 , 313 , 313 , 0 , 53.03514 ,N,N
05-May-2016 09:33,201603,201503,Other Reporting Airports      ,EXETER                        ,JERSEY                        , 3122 , 3122 , 0 , 2857 , 2857 , 0 , 9.275464 ,N,N
05-May-2016 09:33,201603,201503,Other Reporting Airports      ,EXETER                        ,LONDON CITY                   , 4061 , 4061 , 0 , 4045 , 4045 , 0 , 0.3955501 ,N,N
05-May-2016 09:33,201603,201503,Other Reporting Airports      ,EXETER                        ,MANCHESTER                    , 9950 , 9950 , 0 , 12100 , 12100 , 0 ,-17.76859 ,N,N
05-May-2016 09:33,201603,201503,Other Reporting Airports      ,EXETER                        ,NEWCASTLE                     , 2501 , 2419 , 82 , 2858 , 2858 , 0 ,-12.49125 ,N,N
05-May-2016 09:33,201603,201503,Other Reporting Airports      ,EXETER                        ,NORWICH                       , 714 , 714 , 0 , 0 , 0 , 0 ,Null,N,N
05-May-2016 09:33,201603,201503,London Area Airports          ,GATWICK                       ,ABERDEEN                      , 13822 , 13822 , 0 , 13441 , 13441 , 0 , 2.83461 ,N,N
05-May-2016 09:33,201603,201503,London Area Airports          ,GATWICK                       ,BELFAST CITY (GEORGE BEST)    , 13111 , 13111 , 0 , 17433 , 17433 , 0 ,-24.79206 ,N,N
05-May-2016 09:33,201603,201503,London Area Airports          ,GATWICK                       ,BELFAST INTERNATIONAL         , 48636 , 48636 , 0 , 38143 , 38143 , 0 , 27.50963 ,N,N
05-May-2016 09:33,201603,201503,London Area Airports          ,GATWICK                       ,EDINBURGH                     , 55587 , 55422 , 165 , 54777 , 54777 , 0 , 1.478723 ,N,N
05-May-2016 09:33,201603,201503,London Area Airports          ,GATWICK                       ,GLASGOW                       , 48671 , 48671 , 0 , 49088 , 48920 , 168 ,-0.8494948 ,N,N
05-May-2016 09:33,201603,201503,London Area Airports          ,GATWICK                       ,GUERNSEY                      , 24876 , 24876 , 0 , 26097 , 26097 , 0 ,-4.678699 ,N,N
05-May-2016 09:33,201603,201503,London Area Airports          ,GATWICK                       ,HEATHROW                      , 128 , 128 , 0 , 0 , 0 , 0 ,Null,N,N
05-May-2016 09:33,201603,201503,London Area Airports          ,GATWICK                       ,HUMBERSIDE                    , 0 , 0 , 0 , 45 , 0 , 45 ,-100 ,N,N
05-May-2016 09:33,201603,201503,London Area Airports          ,GATWICK                       ,INVERNESS                     , 17994 , 17994 , 0 , 16996 , 16996 , 0 , 5.87197 ,N,N
05-May-2016 09:33,201603,201503,London Area Airports          ,GATWICK                       ,ISLE OF MAN                   , 13057 , 13057 , 0 , 11364 , 11364 , 0 , 14.89792 ,N,N
05-May-2016 09:33,201603,201503,London Area Airports          ,GATWICK                       ,JERSEY                        , 53784 , 53784 , 0 , 51570 , 51570 , 0 , 4.293194 ,N,N
05-May-2016 09:33,201603,201503,London Area Airports          ,GATWICK                       ,LEEDS BRADFORD                , 138 , 138 , 0 , 0 , 0 , 0 ,Null,N,N
05-May-2016 09:33,201603,201503,London Area Airports          ,GATWICK                       ,NEWCASTLE                     , 41 , 0 , 41 , 10426 , 10426 , 0 ,-99.60675 ,N,N
05-May-2016 09:33,201603,201503,London Area Airports          ,GATWICK                       ,NEWQUAY                       , 10656 , 10656 , 0 , 10418 , 10418 , 0 , 2.284508 ,N,N
05-May-2016 09:33,201603,201503,London Area Airports          ,GATWICK                       ,NORWICH                       , 36 , 0 , 36 , 0 , 0 , 0 ,Null,N,N
05-May-2016 09:33,201603,201503,Other Reporting Airports      ,GLASGOW                       ,ABERDEEN                      , 0 , 0 , 0 , 21 , 21 , 0 ,-100 ,N,N
05-May-2016 09:33,201603,201503,Other Reporting Airports      ,GLASGOW                       ,BARRA                         , 1108 , 1108 , 0 , 621 , 621 , 0 , 78.4219 ,N,N
05-May-2016 09:33,201603,201503,Other Reporting Airports      ,GLASGOW                       ,BELFAST CITY (GEORGE BEST)    , 13828 , 13828 , 0 , 13412 , 13412 , 0 , 3.1017 ,N,N
05-May-2016 09:33,201603,201503,Other Reporting Airports      ,GLASGOW                       ,BELFAST INTERNATIONAL         , 24656 , 24572 , 84 , 23447 , 23447 , 0 , 5.15631 ,N,N
05-May-2016 09:33,201603,201503,Other Reporting Airports      ,GLASGOW                       ,BENBECULA                     , 1844 , 1844 , 0 , 1801 , 1801 , 0 , 2.387563 ,N,N
05-May-2016 09:33,201603,201503,Other Reporting Airports      ,GLASGOW                       ,BIGGIN HILL                   , 0 , 0 , 0 , 3 , 0 , 3 ,-100 ,N,Y
05-May-2016 09:33,201603,201503,Other Reporting Airports      ,GLASGOW                       ,BIRMINGHAM                    , 19475 , 19475 , 0 , 19657 , 19657 , 0 ,-0.9258788 ,N,N
05-May-2016 09:33,201603,201503,Other Reporting Airports      ,GLASGOW                       ,BOURNEMOUTH                   , 0 , 0 , 0 , 201 , 201 , 0 ,-100 ,N,N
05-May-2016 09:33,201603,201503,Other Reporting Airports      ,GLASGOW                       ,BRISTOL                       , 27074 , 27074 , 0 , 24364 , 24364 , 0 , 11.12297 ,N,N
05-May-2016 09:33,201603,201503,Other Reporting Airports      ,GLASGOW                       ,CAMPBELTOWN                   , 733 , 733 , 0 , 618 , 618 , 0 , 18.60841 ,N,N
05-May-2016 09:33,201603,201503,Other Reporting Airports      ,GLASGOW                       ,CARDIFF WALES                 , 2636 , 2636 , 0 , 0 , 0 , 0 ,Null,N,N
05-May-2016 09:33,201603,201503,Other Reporting Airports      ,GLASGOW                       ,CITY OF DERRY (EGLINTON)      , 6803 , 6803 , 0 , 6125 , 6125 , 0 , 11.06939 ,N,N
05-May-2016 09:33,201603,201503,Other Reporting Airports      ,GLASGOW                       ,EAST MIDLANDS INTERNATIONAL   , 9580 , 9580 , 0 , 9076 , 9076 , 0 , 5.553107 ,N,N
05-May-2016 09:33,201603,201503,Other Reporting Airports      ,GLASGOW                       ,EXETER                        , 1716 , 1716 , 0 , 0 , 0 , 0 ,Null,N,N
05-May-2016 09:33,201603,201503,Other Reporting Airports      ,GLASGOW                       ,FARNBOROUGH                   , 0 , 0 , 0 , 2 , 0 , 2 ,-100 ,N,Y
05-May-2016 09:33,201603,201503,Other Reporting Airports      ,GLASGOW                       ,GATWICK                       , 48817 , 48817 , 0 , 49190 , 49022 , 168 ,-0.7582842 ,N,N
05-May-2016 09:33,201603,201503,Other Reporting Airports      ,GLASGOW                       ,HEATHROW                      , 76811 , 76811 , 0 , 76692 , 76692 , 0 , 0.1551661 ,N,N
05-May-2016 09:33,201603,201503,Other Reporting Airports      ,GLASGOW                       ,INVERNESS                     , 62 , 14 , 48 , 0 , 0 , 0 ,Null,N,N
05-May-2016 09:33,201603,201503,Other Reporting Airports      ,GLASGOW                       ,ISLAY                         , 2143 , 2143 , 0 , 2152 , 2152 , 0 ,-0.4182156 ,N,N
05-May-2016 09:33,201603,201503,Other Reporting Airports      ,GLASGOW                       ,ISLE OF MAN                   , 786 , 786 , 0 , 765 , 765 , 0 , 2.745098 ,N,N
05-May-2016 09:33,201603,201503,Other Reporting Airports      ,GLASGOW                       ,JERSEY                        , 2551 , 2551 , 0 , 2506 , 2506 , 0 , 1.79569 ,N,N
05-May-2016 09:33,201603,201503,Other Reporting Airports      ,GLASGOW                       ,KIRKWALL                      , 1359 , 1359 , 0 , 1324 , 1324 , 0 , 2.643505 ,N,N
05-May-2016 09:33,201603,201503,Other Reporting Airports      ,GLASGOW                       ,LEEDS BRADFORD                , 748 , 748 , 0 , 854 , 854 , 0 ,-12.41218 ,N,N
05-May-2016 09:33,201603,201503,Other Reporting Airports      ,GLASGOW                       ,LONDON CITY                   , 19725 , 19725 , 0 , 22470 , 22470 , 0 ,-12.21629 ,N,N
05-May-2016 09:33,201603,201503,Other Reporting Airports      ,GLASGOW                       ,LUTON                         , 18309 , 18309 , 0 , 19079 , 19075 , 4 ,-4.035851 ,N,N
05-May-2016 09:33,201603,201503,Other Reporting Airports      ,GLASGOW                       ,MANCHESTER                    , 3893 , 3893 , 0 , 4016 , 4002 , 14 ,-3.062749 ,N,N
05-May-2016 09:33,201603,201503,Other Reporting Airports      ,GLASGOW                       ,SOUTHAMPTON                   , 15520 , 15520 , 0 , 14108 , 14108 , 0 , 10.00851 ,N,N
05-May-2016 09:33,201603,201503,Other Reporting Airports      ,GLASGOW                       ,STANSTED                      , 54510 , 54510 , 0 , 37881 , 37881 , 0 , 43.89799 ,N,N
05-May-2016 09:33,201603,201503,Other Reporting Airports      ,GLASGOW                       ,STORNOWAY                     , 4814 , 4814 , 0 , 4730 , 4730 , 0 , 1.775899 ,N,N
05-May-2016 09:33,201603,201503,Other Reporting Airports      ,GLASGOW                       ,SUMBURGH                      , 2260 , 2260 , 0 , 2191 , 2191 , 0 , 3.149247 ,N,N
05-May-2016 09:33,201603,201503,Other Reporting Airports      ,GLASGOW                       ,TIREE                         , 711 , 711 , 0 , 526 , 526 , 0 , 35.1711 ,N,N
05-May-2016 09:33,201603,201503,Other Reporting Airports      ,GLOUCESTERSHIRE               ,ISLE OF MAN                   , 868 , 868 , 0 , 1156 , 1156 , 0 ,-24.91349 ,N,N
05-May-2016 09:33,201603,201503,Other Reporting Airports      ,GUERNSEY                      ,ALDERNEY                      , 2837 , 2837 , 0 , 2765 , 2765 , 0 , 2.603978 ,N,N
05-May-2016 09:33,201603,201503,Other Reporting Airports      ,GUERNSEY                      ,BIRMINGHAM                    , 1967 , 1967 , 0 , 1987 , 1987 , 0 ,-1.006543 ,N,N
05-May-2016 09:33,201603,201503,Other Reporting Airports      ,GUERNSEY                      ,BRISTOL                       , 1726 , 1700 , 26 , 1485 , 1485 , 0 , 16.22896 ,N,N
05-May-2016 09:33,201603,201503,Other Reporting Airports      ,GUERNSEY                      ,EAST MIDLANDS INTERNATIONAL   , 1659 , 1632 , 27 , 1495 , 1495 , 0 , 10.9699 ,N,N
05-May-2016 09:33,201603,201503,Other Reporting Airports      ,GUERNSEY                      ,EXETER                        , 2086 , 2086 , 0 , 2145 , 2145 , 0 ,-2.750583 ,N,N
05-May-2016 09:33,201603,201503,Other Reporting Airports      ,GUERNSEY                      ,GATWICK                       , 24753 , 24753 , 0 , 26210 , 26210 , 0 ,-5.558947 ,N,N
05-May-2016 09:33,201603,201503,Other Reporting Airports      ,GUERNSEY                      ,JERSEY                        , 11763 , 11699 , 64 , 12457 , 12457 , 0 ,-5.571165 ,N,N
05-May-2016 09:33,201603,201503,Other Reporting Airports      ,GUERNSEY                      ,LONDON CITY                   , 1900 , 1900 , 0 , 1785 , 1785 , 0 , 6.442577 ,N,N
05-May-2016 09:33,201603,201503,Other Reporting Airports      ,GUERNSEY                      ,MANCHESTER                    , 4559 , 4559 , 0 , 4456 , 4456 , 0 , 2.31149 ,N,N
05-May-2016 09:33,201603,201503,Other Reporting Airports      ,GUERNSEY                      ,NORTHOLT                      , 3 , 0 , 3 , 0 , 0 , 0 ,Null,Y,N
05-May-2016 09:33,201603,201503,Other Reporting Airports      ,GUERNSEY                      ,SOUTHAMPTON                   , 12219 , 12219 , 0 , 11204 , 11204 , 0 , 9.059264 ,N,N
05-May-2016 09:33,201603,201503,Other Reporting Airports      ,GUERNSEY                      ,STANSTED                      , 1516 , 1516 , 0 , 1259 , 1259 , 0 , 20.41303 ,N,N
05-May-2016 09:33,201603,201503,London Area Airports          ,HEATHROW                      ,ABERDEEN                      , 44833 , 44833 , 0 , 58353 , 58353 , 0 ,-23.16933 ,N,N
05-May-2016 09:33,201603,201503,London Area Airports          ,HEATHROW                      ,BELFAST CITY (GEORGE BEST)    , 56098 , 56098 , 0 , 55107 , 55107 , 0 , 1.79832 ,N,N
05-May-2016 09:33,201603,201503,London Area Airports          ,HEATHROW                      ,EDINBURGH                     , 85723 , 85723 , 0 , 110907 , 110907 , 0 ,-22.70731 ,N,N
05-May-2016 09:33,201603,201503,London Area Airports          ,HEATHROW                      ,GLASGOW                       , 76714 , 76714 , 0 , 76692 , 76692 , 0 , 2.868617E-02 ,N,N
05-May-2016 09:33,201603,201503,London Area Airports          ,HEATHROW                      ,LEEDS BRADFORD                , 13669 , 13669 , 0 , 10984 , 10984 , 0 , 24.44465 ,N,N
05-May-2016 09:33,201603,201503,London Area Airports          ,HEATHROW                      ,MANCHESTER                    , 61922 , 61922 , 0 , 83676 , 83676 , 0 ,-25.9979 ,N,N
05-May-2016 09:33,201603,201503,London Area Airports          ,HEATHROW                      ,NEWCASTLE                     , 40825 , 40825 , 0 , 45263 , 45263 , 0 ,-9.804918 ,N,N
05-May-2016 09:33,201603,201503,Other Reporting Airports      ,HUMBERSIDE                    ,ABERDEEN                      , 2143 , 2143 , 0 , 2615 , 2615 , 0 ,-18.04971 ,N,N
05-May-2016 09:33,201603,201503,Other Reporting Airports      ,HUMBERSIDE                    ,EAST MIDLANDS INTERNATIONAL   , 6 , 6 , 0 , 0 , 0 , 0 ,Null,N,N
05-May-2016 09:33,201603,201503,Other Reporting Airports      ,HUMBERSIDE                    ,HUMBERSIDE                    , 336 , 28 , 308 , 0 , 0 , 0 ,Null,N,N
05-May-2016 09:33,201603,201503,Other Reporting Airports      ,HUMBERSIDE                    ,LEEDS BRADFORD                , 5 , 5 , 0 , 0 , 0 , 0 ,Null,N,N
05-May-2016 09:33,201603,201503,Other Reporting Airports      ,INVERNESS                     ,BELFAST CITY (GEORGE BEST)    , 1928 , 1928 , 0 , 2370 , 2370 , 0 ,-18.64979 ,N,N
05-May-2016 09:33,201603,201503,Other Reporting Airports      ,INVERNESS                     ,BENBECULA                     , 0 , 0 , 0 , 582 , 582 , 0 ,-100 ,N,N
05-May-2016 09:33,201603,201503,Other Reporting Airports      ,INVERNESS                     ,BIRMINGHAM                    , 3758 , 3758 , 0 , 2962 , 2962 , 0 , 26.87373 ,N,N
05-May-2016 09:33,201603,201503,Other Reporting Airports      ,INVERNESS                     ,BRISTOL                       , 5311 , 5311 , 0 , 5626 , 5626 , 0 ,-5.599005 ,N,N
05-May-2016 09:33,201603,201503,Other Reporting Airports      ,INVERNESS                     ,GATWICK                       , 18172 , 18172 , 0 , 17120 , 17120 , 0 , 6.14486 ,N,N
05-May-2016 09:33,201603,201503,Other Reporting Airports      ,INVERNESS                     ,GLASGOW                       , 14 , 14 , 0 , 0 , 0 , 0 ,Null,N,N
05-May-2016 09:33,201603,201503,Other Reporting Airports      ,INVERNESS                     ,KIRKWALL                      , 1491 , 1491 , 0 , 1737 , 1737 , 0 ,-14.16235 ,N,N
05-May-2016 09:33,201603,201503,Other Reporting Airports      ,INVERNESS                     ,LUTON                         , 9687 , 9687 , 0 , 8605 , 8605 , 0 , 12.57409 ,N,N
05-May-2016 09:33,201603,201503,Other Reporting Airports      ,INVERNESS                     ,MANCHESTER                    , 5287 , 5287 , 0 , 8942 , 8942 , 0 ,-40.87452 ,N,N
05-May-2016 09:33,201603,201503,Other Reporting Airports      ,INVERNESS                     ,STORNOWAY                     , 2711 , 2711 , 0 , 2467 , 2467 , 0 , 9.890555 ,N,N
05-May-2016 09:33,201603,201503,Other Reporting Airports      ,INVERNESS                     ,SUMBURGH                      , 258 , 258 , 0 , 255 , 255 , 0 , 1.176471 ,N,N
05-May-2016 09:33,201603,201503,Other Reporting Airports      ,ISLAY                         ,GLASGOW                       , 2052 , 2052 , 0 , 2144 , 2144 , 0 ,-4.291045 ,N,N
05-May-2016 09:33,201603,201503,Other Reporting Airports      ,ISLE OF MAN                   ,BELFAST CITY (GEORGE BEST)    , 2062 , 2062 , 0 , 1985 , 1985 , 0 , 3.879093 ,N,N
05-May-2016 09:33,201603,201503,Other Reporting Airports      ,ISLE OF MAN                   ,BIRMINGHAM                    , 3089 , 3089 , 0 , 3624 , 3624 , 0 ,-14.76269 ,N,N
05-May-2016 09:33,201603,201503,Other Reporting Airports      ,ISLE OF MAN                   ,BLACKPOOL                     , 1034 , 1034 , 0 , 0 , 0 , 0 ,Null,N,N
05-May-2016 09:33,201603,201503,Other Reporting Airports      ,ISLE OF MAN                   ,BRISTOL                       , 2048 , 2048 , 0 , 0 , 0 , 0 ,Null,N,N
05-May-2016 09:33,201603,201503,Other Reporting Airports      ,ISLE OF MAN                   ,GATWICK                       , 13093 , 13093 , 0 , 11474 , 11474 , 0 , 14.11016 ,N,N
05-May-2016 09:33,201603,201503,Other Reporting Airports      ,ISLE OF MAN                   ,GLASGOW                       , 777 , 777 , 0 , 782 , 782 , 0 ,-0.6393862 ,N,N
05-May-2016 09:33,201603,201503,Other Reporting Airports      ,ISLE OF MAN                   ,GLOUCESTERSHIRE               , 855 , 855 , 0 , 1149 , 1149 , 0 ,-25.58747 ,N,N
05-May-2016 09:33,201603,201503,Other Reporting Airports      ,ISLE OF MAN                   ,LIVERPOOL (JOHN LENNON)       , 19063 , 19063 , 0 , 17861 , 17861 , 0 , 6.729746 ,N,N
05-May-2016 09:33,201603,201503,Other Reporting Airports      ,ISLE OF MAN                   ,LONDON CITY                   , 5036 , 5036 , 0 , 5417 , 5417 , 0 ,-7.033413 ,N,N
05-May-2016 09:33,201603,201503,Other Reporting Airports      ,ISLE OF MAN                   ,MANCHESTER                    , 12864 , 12864 , 0 , 15209 , 15209 , 0 ,-15.4185 ,N,N
05-May-2016 09:33,201603,201503,Other Reporting Airports      ,ISLE OF MAN                   ,NEWCASTLE                     , 288 , 288 , 0 , 283 , 283 , 0 , 1.766784 ,N,N
05-May-2016 09:33,201603,201503,Other Reporting Airports      ,ISLE OF MAN                   ,STANSTED                      , 3052 , 3052 , 0 , 855 , 855 , 0 , 256.9591 ,N,N
05-May-2016 09:33,201603,201503,Other Reporting Airports      ,JERSEY                        ,ABERDEEN                      , 0 , 0 , 0 , 6536 , 6536 , 0 ,-100 ,N,N
05-May-2016 09:33,201603,201503,Other Reporting Airports      ,JERSEY                        ,ALDERNEY                      , 0 , 0 , 0 , 89 , 0 , 89 ,-100 ,N,Y
05-May-2016 09:33,201603,201503,Other Reporting Airports      ,JERSEY                        ,BELFAST INTERNATIONAL         , 236 , 236 , 0 , 0 , 0 , 0 ,Null,N,N
05-May-2016 09:33,201603,201503,Other Reporting Airports      ,JERSEY                        ,BIRMINGHAM                    , 5728 , 5728 , 0 , 4791 , 4791 , 0 , 19.5575 ,N,N
05-May-2016 09:33,201603,201503,Other Reporting Airports      ,JERSEY                        ,BRISTOL                       , 2429 , 2429 , 0 , 2768 , 2768 , 0 ,-12.24711 ,N,N
05-May-2016 09:33,201603,201503,Other Reporting Airports      ,JERSEY                        ,CARDIFF WALES                 , 1045 , 1045 , 0 , 0 , 0 , 0 ,Null,N,N
05-May-2016 09:33,201603,201503,Other Reporting Airports      ,JERSEY                        ,DONCASTER SHEFFIELD           , 1045 , 1045 , 0 , 0 , 0 , 0 ,Null,N,N
05-May-2016 09:33,201603,201503,Other Reporting Airports      ,JERSEY                        ,EAST MIDLANDS INTERNATIONAL   , 1184 , 1184 , 0 , 2780 , 2780 , 0 ,-57.41007 ,N,N
05-May-2016 09:33,201603,201503,Other Reporting Airports      ,JERSEY                        ,EXETER                        , 3906 , 3906 , 0 , 3291 , 3291 , 0 , 18.68733 ,N,N
05-May-2016 09:33,201603,201503,Other Reporting Airports      ,JERSEY                        ,FARNBOROUGH                   , 20 , 0 , 20 , 10 , 0 , 10 , 100 ,Y,Y
05-May-2016 09:33,201603,201503,Other Reporting Airports      ,JERSEY                        ,GATWICK                       , 53483 , 53483 , 0 , 51172 , 51172 , 0 , 4.516141 ,N,N
05-May-2016 09:33,201603,201503,Other Reporting Airports      ,JERSEY                        ,GLASGOW                       , 2508 , 2508 , 0 , 2468 , 2468 , 0 , 1.620746 ,N,N
05-May-2016 09:33,201603,201503,Other Reporting Airports      ,JERSEY                        ,GUERNSEY                      , 10149 , 10149 , 0 , 11729 , 11729 , 0 ,-13.47088 ,N,N
05-May-2016 09:33,201603,201503,Other Reporting Airports      ,JERSEY                        ,LIVERPOOL (JOHN LENNON)       , 7503 , 7503 , 0 , 5394 , 5394 , 0 , 39.099 ,N,N
05-May-2016 09:33,201603,201503,Other Reporting Airports      ,JERSEY                        ,LONDON CITY                   , 3750 , 3750 , 0 , 3835 , 3835 , 0 ,-2.216428 ,N,N
05-May-2016 09:33,201603,201503,Other Reporting Airports      ,JERSEY                        ,LUTON                         , 758 , 758 , 0 , 0 , 0 , 0 ,Null,N,N
05-May-2016 09:33,201603,201503,Other Reporting Airports      ,JERSEY                        ,MANCHESTER                    , 4595 , 4595 , 0 , 3995 , 3995 , 0 , 15.01877 ,N,N
05-May-2016 09:33,201603,201503,Other Reporting Airports      ,JERSEY                        ,NEWCASTLE                     , 228 , 228 , 0 , 235 , 235 , 0 ,-2.978723 ,N,N
05-May-2016 09:33,201603,201503,Other Reporting Airports      ,JERSEY                        ,NORTHOLT                      , 6 , 0 , 6 , 0 , 0 , 0 ,Null,Y,N
05-May-2016 09:33,201603,201503,Other Reporting Airports      ,JERSEY                        ,SOUTHAMPTON                   , 15104 , 15104 , 0 , 8500 , 8500 , 0 , 77.69411 ,N,N
05-May-2016 09:33,201603,201503,Other Reporting Airports      ,KIRKWALL                      ,ABERDEEN                      , 3732 , 3732 , 0 , 4025 , 4025 , 0 ,-7.279503 ,N,N
05-May-2016 09:33,201603,201503,Other Reporting Airports      ,KIRKWALL                      ,EDAY                          , 79 , 79 , 0 , 71 , 71 , 0 , 11.26761 ,N,N
05-May-2016 09:33,201603,201503,Other Reporting Airports      ,KIRKWALL                      ,EDINBURGH                     , 3413 , 3413 , 0 , 3344 , 3344 , 0 , 2.063397 ,N,N
05-May-2016 09:33,201603,201503,Other Reporting Airports      ,KIRKWALL                      ,GLASGOW                       , 1354 , 1354 , 0 , 1320 , 1320 , 0 , 2.575758 ,N,N
05-May-2016 09:33,201603,201503,Other Reporting Airports      ,KIRKWALL                      ,INVERNESS                     , 726 , 726 , 0 , 896 , 896 , 0 ,-18.97322 ,N,N
05-May-2016 09:33,201603,201503,Other Reporting Airports      ,KIRKWALL                      ,NORTH RONALDSAY               , 534 , 534 , 0 , 356 , 356 , 0 , 50 ,N,N
05-May-2016 09:33,201603,201503,Other Reporting Airports      ,KIRKWALL                      ,PAPA WESTRAY                  , 429 , 429 , 0 , 425 , 425 , 0 , 0.9411765 ,N,N
05-May-2016 09:33,201603,201503,Other Reporting Airports      ,KIRKWALL                      ,SANDAY                        , 312 , 312 , 0 , 264 , 264 , 0 , 18.18182 ,N,N
05-May-2016 09:33,201603,201503,Other Reporting Airports      ,KIRKWALL                      ,STRONSAY                      , 351 , 351 , 0 , 293 , 293 , 0 , 19.79522 ,N,N
05-May-2016 09:33,201603,201503,Other Reporting Airports      ,KIRKWALL                      ,SUMBURGH                      , 784 , 784 , 0 , 749 , 749 , 0 , 4.672897 ,N,N
05-May-2016 09:33,201603,201503,Other Reporting Airports      ,KIRKWALL                      ,WESTRAY                       , 340 , 340 , 0 , 266 , 266 , 0 , 27.81955 ,N,N
05-May-2016 09:33,201603,201503,Other Reporting Airports      ,LEEDS BRADFORD                ,ABERDEEN                      , 1354 , 1354 , 0 , 5571 , 5571 , 0 ,-75.69556 ,N,N
05-May-2016 09:33,201603,201503,Other Reporting Airports      ,LEEDS BRADFORD                ,BELFAST CITY (GEORGE BEST)    , 13183 , 13183 , 0 , 13321 , 13321 , 0 ,-1.035958 ,N,N
05-May-2016 09:33,201603,201503,Other Reporting Airports      ,LEEDS BRADFORD                ,DURHAM TEES VALLEY            , 32 , 32 , 0 , 0 , 0 , 0 ,Null,N,N
05-May-2016 09:33,201603,201503,Other Reporting Airports      ,LEEDS BRADFORD                ,GATWICK                       , 76 , 0 , 76 , 0 , 0 , 0 ,Null,N,N
05-May-2016 09:33,201603,201503,Other Reporting Airports      ,LEEDS BRADFORD                ,GLASGOW                       , 749 , 749 , 0 , 854 , 854 , 0 ,-12.29508 ,N,N
05-May-2016 09:33,201603,201503,Other Reporting Airports      ,LEEDS BRADFORD                ,HEATHROW                      , 13602 , 13602 , 0 , 10932 , 10932 , 0 , 24.42371 ,N,N
05-May-2016 09:33,201603,201503,Other Reporting Airports      ,LEEDS BRADFORD                ,JERSEY                        , 0 , 0 , 0 , 5592 , 5592 , 0 ,-100 ,N,N
05-May-2016 09:33,201603,201503,Other Reporting Airports      ,LEEDS BRADFORD                ,LEEDS BRADFORD                , 116 , 0 , 116 , 0 , 0 , 0 ,Null,N,N
05-May-2016 09:33,201603,201503,Other Reporting Airports      ,LEEDS BRADFORD                ,SOUTHAMPTON                   , 3691 , 3691 , 0 , 3058 , 3058 , 0 , 20.6998 ,N,N
05-May-2016 09:33,201603,201503,Other Reporting Airports      ,LERWICK (TINGWALL)            ,FAIR ISLE                     , 194 , 194 , 0 , 166 , 166 , 0 , 16.86747 ,N,N
05-May-2016 09:33,201603,201503,Other Reporting Airports      ,LERWICK (TINGWALL)            ,FOULA                         , 116 , 116 , 0 , 119 , 119 , 0 ,-2.521008 ,N,N
05-May-2016 09:33,201603,201503,Other Reporting Airports      ,LERWICK (TINGWALL)            ,PAPA STOUR                    , 8 , 8 , 0 , 4 , 4 , 0 , 100 ,N,N
05-May-2016 09:33,201603,201503,Other Reporting Airports      ,LIVERPOOL (JOHN LENNON)       ,BELFAST CITY (GEORGE BEST)    , 8979 , 8979 , 0 , 5447 , 5447 , 0 , 64.84303 ,N,N
05-May-2016 09:33,201603,201503,Other Reporting Airports      ,LIVERPOOL (JOHN LENNON)       ,BELFAST INTERNATIONAL         , 42565 , 42565 , 0 , 39686 , 39686 , 0 , 7.254447 ,N,N
05-May-2016 09:33,201603,201503,Other Reporting Airports      ,LIVERPOOL (JOHN LENNON)       ,BIGGIN HILL                   , 78 , 0 , 78 , 0 , 0 , 0 ,Null,N,N
05-May-2016 09:33,201603,201503,Other Reporting Airports      ,LIVERPOOL (JOHN LENNON)       ,CARDIFF WALES                 , 0 , 0 , 0 , 66 , 0 , 66 ,-100 ,N,N
05-May-2016 09:33,201603,201503,Other Reporting Airports      ,LIVERPOOL (JOHN LENNON)       ,CITY OF DERRY (EGLINTON)      , 6864 , 6864 , 0 , 7217 , 7217 , 0 ,-4.891229 ,N,N
05-May-2016 09:33,201603,201503,Other Reporting Airports      ,LIVERPOOL (JOHN LENNON)       ,EDINBURGH                     , 1160 , 1160 , 0 , 0 , 0 , 0 ,Null,N,N
05-May-2016 09:33,201603,201503,Other Reporting Airports      ,LIVERPOOL (JOHN LENNON)       ,FARNBOROUGH                   , 38 , 0 , 38 , 0 , 0 , 0 ,Null,N,N
05-May-2016 09:33,201603,201503,Other Reporting Airports      ,LIVERPOOL (JOHN LENNON)       ,GATWICK                       , 37 , 0 , 37 , 0 , 0 , 0 ,Null,N,N
05-May-2016 09:33,201603,201503,Other Reporting Airports      ,LIVERPOOL (JOHN LENNON)       ,ISLE OF MAN                   , 18970 , 18970 , 0 , 17767 , 17767 , 0 , 6.77098 ,N,N
05-May-2016 09:33,201603,201503,Other Reporting Airports      ,LIVERPOOL (JOHN LENNON)       ,JERSEY                        , 7515 , 7515 , 0 , 5399 , 5399 , 0 , 39.19244 ,N,N
05-May-2016 09:33,201603,201503,Other Reporting Airports      ,LIVERPOOL (JOHN LENNON)       ,MANCHESTER                    , 38 , 38 , 0 , 0 , 0 , 0 ,Null,N,N
05-May-2016 09:33,201603,201503,Other Reporting Airports      ,LIVERPOOL (JOHN LENNON)       ,NEWCASTLE                     , 0 , 0 , 0 , 61 , 0 , 61 ,-100 ,N,N
05-May-2016 09:33,201603,201503,Other Reporting Airports      ,LIVERPOOL (JOHN LENNON)       ,SOUTHAMPTON                   , 69 , 0 , 69 , 0 , 0 , 0 ,Null,N,N
05-May-2016 09:33,201603,201503,London Area Airports          ,LONDON CITY                   ,ABERDEEN                      , 6083 , 6083 , 0 , 5133 , 5133 , 0 , 18.5077 ,N,N
05-May-2016 09:33,201603,201503,London Area Airports          ,LONDON CITY                   ,BELFAST CITY (GEORGE BEST)    , 9082 , 9082 , 0 , 9840 , 9840 , 0 ,-7.703252 ,N,N
05-May-2016 09:33,201603,201503,London Area Airports          ,LONDON CITY                   ,EDINBURGH                     , 49105 , 49010 , 95 , 48833 , 48833 , 0 , 0.5570004 ,N,N
05-May-2016 09:33,201603,201503,London Area Airports          ,LONDON CITY                   ,EXETER                        , 4042 , 4042 , 0 , 4037 , 4037 , 0 , 0.1238543 ,N,N
05-May-2016 09:33,201603,201503,London Area Airports          ,LONDON CITY                   ,GLASGOW                       , 19701 , 19701 , 0 , 22457 , 22457 , 0 ,-12.27234 ,N,N
05-May-2016 09:33,201603,201503,London Area Airports          ,LONDON CITY                   ,GUERNSEY                      , 1911 , 1911 , 0 , 1769 , 1769 , 0 , 8.027134 ,N,N
05-May-2016 09:33,201603,201503,London Area Airports          ,LONDON CITY                   ,ISLE OF MAN                   , 5083 , 5083 , 0 , 5366 , 5366 , 0 ,-5.273947 ,N,N
05-May-2016 09:33,201603,201503,London Area Airports          ,LONDON CITY                   ,JERSEY                        , 3802 , 3802 , 0 , 3863 , 3863 , 0 ,-1.579084 ,N,N
05-May-2016 09:33,201603,201503,London Area Airports          ,LUTON                         ,ABERDEEN                      , 5842 , 5842 , 0 , 4878 , 4878 , 0 , 19.7622 ,N,N
05-May-2016 09:33,201603,201503,London Area Airports          ,LUTON                         ,BELFAST CITY (GEORGE BEST)    , 36 , 0 , 36 , 10 , 0 , 10 , 260 ,N,Y
05-May-2016 09:33,201603,201503,London Area Airports          ,LUTON                         ,BELFAST INTERNATIONAL         , 26750 , 26750 , 0 , 22872 , 22872 , 0 , 16.95523 ,N,N
05-May-2016 09:33,201603,201503,London Area Airports          ,LUTON                         ,EDINBURGH                     , 22003 , 21997 , 6 , 22659 , 22659 , 0 ,-2.895097 ,N,N
05-May-2016 09:33,201603,201503,London Area Airports          ,LUTON                         ,GLASGOW                       , 18211 , 18211 , 0 , 18933 , 18929 , 4 ,-3.813447 ,N,N
05-May-2016 09:33,201603,201503,London Area Airports          ,LUTON                         ,HUMBERSIDE                    , 90 , 0 , 90 , 0 , 0 , 0 ,Null,N,N
05-May-2016 09:33,201603,201503,London Area Airports          ,LUTON                         ,INVERNESS                     , 9582 , 9582 , 0 , 8503 , 8503 , 0 , 12.68964 ,N,N
05-May-2016 09:33,201603,201503,London Area Airports          ,LUTON                         ,ISLE OF MAN                   , 2 , 0 , 2 , 0 , 0 , 0 ,Null,Y,N
05-May-2016 09:33,201603,201503,London Area Airports          ,LUTON                         ,JERSEY                        , 760 , 760 , 0 , 0 , 0 , 0 ,Null,N,N
05-May-2016 09:33,201603,201503,London Area Airports          ,LUTON                         ,LIVERPOOL (JOHN LENNON)       , 0 , 0 , 0 , 6 , 0 , 6 ,-100 ,N,Y
05-May-2016 09:33,201603,201503,London Area Airports          ,LUTON                         ,MANCHESTER                    , 88 , 0 , 88 , 143 , 0 , 143 ,-38.46154 ,N,N
05-May-2016 09:33,201603,201503,London Area Airports          ,LUTON                         ,NEWCASTLE                     , 0 , 0 , 0 , 146 , 0 , 146 ,-100 ,N,N
05-May-2016 09:33,201603,201503,Other Reporting Airports      ,MANCHESTER                    ,ABERDEEN                      , 16831 , 16769 , 62 , 18436 , 18240 , 196 ,-8.705793 ,N,N
05-May-2016 09:33,201603,201503,Other Reporting Airports      ,MANCHESTER                    ,BELFAST CITY (GEORGE BEST)    , 21171 , 21171 , 0 , 24459 , 24459 , 0 ,-13.4429 ,N,N
05-May-2016 09:33,201603,201503,Other Reporting Airports      ,MANCHESTER                    ,BELFAST INTERNATIONAL         , 22263 , 22263 , 0 , 19633 , 19633 , 0 , 13.39581 ,N,N
05-May-2016 09:33,201603,201503,Other Reporting Airports      ,MANCHESTER                    ,BOURNEMOUTH                   , 218 , 218 , 0 , 0 , 0 , 0 ,Null,N,N
05-May-2016 09:33,201603,201503,Other Reporting Airports      ,MANCHESTER                    ,EDINBURGH                     , 8305 , 8305 , 0 , 10819 , 10819 , 0 ,-23.2369 ,N,N
05-May-2016 09:33,201603,201503,Other Reporting Airports      ,MANCHESTER                    ,EXETER                        , 9832 , 9832 , 0 , 11948 , 11948 , 0 ,-17.71008 ,N,N
05-May-2016 09:33,201603,201503,Other Reporting Airports      ,MANCHESTER                    ,GATWICK                       , 37 , 0 , 37 , 0 , 0 , 0 ,Null,N,N
05-May-2016 09:33,201603,201503,Other Reporting Airports      ,MANCHESTER                    ,GLASGOW                       , 3862 , 3862 , 0 , 3933 , 3933 , 0 ,-1.805238 ,N,N
05-May-2016 09:33,201603,201503,Other Reporting Airports      ,MANCHESTER                    ,GUERNSEY                      , 4592 , 4592 , 0 , 4515 , 4515 , 0 , 1.705426 ,N,N
05-May-2016 09:33,201603,201503,Other Reporting Airports      ,MANCHESTER                    ,HEATHROW                      , 61687 , 61687 , 0 , 83094 , 83094 , 0 ,-25.76239 ,N,N
05-May-2016 09:33,201603,201503,Other Reporting Airports      ,MANCHESTER                    ,INVERNESS                     , 5156 , 5156 , 0 , 8835 , 8835 , 0 ,-41.6412 ,N,N
05-May-2016 09:33,201603,201503,Other Reporting Airports      ,MANCHESTER                    ,ISLE OF MAN                   , 12772 , 12772 , 0 , 15099 , 15099 , 0 ,-15.41162 ,N,N
05-May-2016 09:33,201603,201503,Other Reporting Airports      ,MANCHESTER                    ,JERSEY                        , 4589 , 4589 , 0 , 3990 , 3990 , 0 , 15.01253 ,N,N
05-May-2016 09:33,201603,201503,Other Reporting Airports      ,MANCHESTER                    ,LIVERPOOL (JOHN LENNON)       , 38 , 38 , 0 , 0 , 0 , 0 ,Null,N,N
05-May-2016 09:33,201603,201503,Other Reporting Airports      ,MANCHESTER                    ,LUTON                         , 77 , 0 , 77 , 152 , 0 , 152 ,-49.34211 ,N,N
05-May-2016 09:33,201603,201503,Other Reporting Airports      ,MANCHESTER                    ,NEWCASTLE                     , 0 , 0 , 0 , 77 , 0 , 77 ,-100 ,N,N
05-May-2016 09:33,201603,201503,Other Reporting Airports      ,MANCHESTER                    ,NEWQUAY                       , 5033 , 5033 , 0 , 4395 , 4395 , 0 , 14.5165 ,N,N
05-May-2016 09:33,201603,201503,Other Reporting Airports      ,MANCHESTER                    ,NORWICH                       , 2372 , 2289 , 83 , 2567 , 2567 , 0 ,-7.596416 ,N,N
05-May-2016 09:33,201603,201503,Other Reporting Airports      ,MANCHESTER                    ,SOUTHAMPTON                   , 14530 , 14530 , 0 , 14718 , 14658 , 60 ,-1.277347 ,N,N
05-May-2016 09:33,201603,201503,Other Reporting Airports      ,MANCHESTER                    ,STANSTED                      , 40 , 0 , 40 , 72 , 0 , 72 ,-44.44444 ,N,N
05-May-2016 09:33,201603,201503,Other Reporting Airports      ,NEWCASTLE                     ,ABERDEEN                      , 1816 , 1816 , 0 , 3025 , 3025 , 0 ,-39.96694 ,N,N
05-May-2016 09:33,201603,201503,Other Reporting Airports      ,NEWCASTLE                     ,BELFAST CITY (GEORGE BEST)    , 1436 , 1436 , 0 , 1629 , 1629 , 0 ,-11.84776 ,N,N
05-May-2016 09:33,201603,201503,Other Reporting Airports      ,NEWCASTLE                     ,BELFAST INTERNATIONAL         , 21415 , 21415 , 0 , 19933 , 19933 , 0 , 7.434907 ,N,N
05-May-2016 09:33,201603,201503,Other Reporting Airports      ,NEWCASTLE                     ,BIRMINGHAM                    , 988 , 861 , 127 , 816 , 781 , 35 , 21.07843 ,N,N
05-May-2016 09:33,201603,201503,Other Reporting Airports      ,NEWCASTLE                     ,BOURNEMOUTH                   , 70 , 0 , 70 , 0 , 0 , 0 ,Null,N,N
05-May-2016 09:33,201603,201503,Other Reporting Airports      ,NEWCASTLE                     ,BRISTOL                       , 14335 , 14335 , 0 , 14056 , 14056 , 0 , 1.984918 ,N,N
05-May-2016 09:33,201603,201503,Other Reporting Airports      ,NEWCASTLE                     ,CARDIFF WALES                 , 1158 , 1158 , 0 , 1222 , 1222 , 0 ,-5.237316 ,N,N
05-May-2016 09:33,201603,201503,Other Reporting Airports      ,NEWCASTLE                     ,EAST MIDLANDS INTERNATIONAL   , 159 , 0 , 159 , 0 , 0 , 0 ,Null,N,N
05-May-2016 09:33,201603,201503,Other Reporting Airports      ,NEWCASTLE                     ,EXETER                        , 2486 , 2404 , 82 , 2832 , 2832 , 0 ,-12.21751 ,N,N
05-May-2016 09:33,201603,201503,Other Reporting Airports      ,NEWCASTLE                     ,GATWICK                       , 41 , 0 , 41 , 10305 , 10305 , 0 ,-99.60213 ,N,N
05-May-2016 09:33,201603,201503,Other Reporting Airports      ,NEWCASTLE                     ,HEATHROW                      , 40722 , 40722 , 0 , 45097 , 45097 , 0 ,-9.70131 ,N,N
05-May-2016 09:33,201603,201503,Other Reporting Airports      ,NEWCASTLE                     ,ISLE OF MAN                   , 281 , 281 , 0 , 276 , 276 , 0 , 1.811594 ,N,N
05-May-2016 09:33,201603,201503,Other Reporting Airports      ,NEWCASTLE                     ,JERSEY                        , 228 , 228 , 0 , 236 , 236 , 0 ,-3.389831 ,N,N
05-May-2016 09:33,201603,201503,Other Reporting Airports      ,NEWCASTLE                     ,LIVERPOOL (JOHN LENNON)       , 0 , 0 , 0 , 64 , 0 , 64 ,-100 ,N,N
05-May-2016 09:33,201603,201503,Other Reporting Airports      ,NEWCASTLE                     ,LUTON                         , 16 , 0 , 16 , 152 , 0 , 152 ,-89.47369 ,Y,N
05-May-2016 09:33,201603,201503,Other Reporting Airports      ,NEWCASTLE                     ,MANCHESTER                    , 0 , 0 , 0 , 77 , 0 , 77 ,-100 ,N,N
05-May-2016 09:33,201603,201503,Other Reporting Airports      ,NEWCASTLE                     ,NEWCASTLE                     , 334 , 0 , 334 , 0 , 0 , 0 ,Null,N,N
05-May-2016 09:33,201603,201503,Other Reporting Airports      ,NEWCASTLE                     ,SOUTHAMPTON                   , 11021 , 10981 , 40 , 9324 , 9324 , 0 , 18.20034 ,N,N
05-May-2016 09:33,201603,201503,Other Reporting Airports      ,NEWCASTLE                     ,STANSTED                      , 614 , 614 , 0 , 395 , 310 , 85 , 55.44304 ,N,N
05-May-2016 09:33,201603,201503,Other Reporting Airports      ,NEWQUAY                       ,BIRMINGHAM                    , 481 , 481 , 0 , 295 , 295 , 0 , 63.05085 ,N,N
05-May-2016 09:33,201603,201503,Other Reporting Airports      ,NEWQUAY                       ,DONCASTER SHEFFIELD           , 316 , 316 , 0 , 0 , 0 , 0 ,Null,N,N
05-May-2016 09:33,201603,201503,Other Reporting Airports      ,NEWQUAY                       ,GATWICK                       , 10570 , 10570 , 0 , 10441 , 10441 , 0 , 1.235514 ,N,N
05-May-2016 09:33,201603,201503,Other Reporting Airports      ,NEWQUAY                       ,ISLES OF SCILLY (ST.MARYS)    , 924 , 924 , 0 , 1041 , 1041 , 0 ,-11.23919 ,N,N
05-May-2016 09:33,201603,201503,Other Reporting Airports      ,NEWQUAY                       ,MANCHESTER                    , 5049 , 5049 , 0 , 4433 , 4433 , 0 , 13.89578 ,N,N
05-May-2016 09:33,201603,201503,Other Reporting Airports      ,NEWQUAY                       ,STANSTED                      , 386 , 386 , 0 , 0 , 0 , 0 ,Null,N,N
05-May-2016 09:33,201603,201503,Other Reporting Airports      ,NORWICH                       ,ABERDEEN                      , 3647 , 3647 , 0 , 4633 , 4633 , 0 ,-21.28211 ,N,N
05-May-2016 09:33,201603,201503,Other Reporting Airports      ,NORWICH                       ,EDINBURGH                     , 1971 , 1971 , 0 , 2395 , 2395 , 0 ,-17.70355 ,N,N
05-May-2016 09:33,201603,201503,Other Reporting Airports      ,NORWICH                       ,EXETER                        , 701 , 701 , 0 , 0 , 0 , 0 ,Null,N,N
05-May-2016 09:33,201603,201503,Other Reporting Airports      ,NORWICH                       ,GATWICK                       , 40 , 0 , 40 , 0 , 0 , 0 ,Null,N,N
05-May-2016 09:33,201603,201503,Other Reporting Airports      ,NORWICH                       ,LEEDS BRADFORD                , 19 , 19 , 0 , 0 , 0 , 0 ,Null,N,N
05-May-2016 09:33,201603,201503,Other Reporting Airports      ,NORWICH                       ,MANCHESTER                    , 2387 , 2293 , 94 , 2565 , 2565 , 0 ,-6.939571 ,N,N
05-May-2016 09:33,201603,201503,Other Reporting Airports      ,SCATSTA                       ,ABERDEEN                      , 8042 , 0 , 8042 , 13026 , 0 , 13026 ,-38.26194 ,N,N
05-May-2016 09:33,201603,201503,Other Reporting Airports      ,SOUTHAMPTON                   ,ABERDEEN                      , 2820 , 2820 , 0 , 5070 , 5070 , 0 ,-44.3787 ,N,N
05-May-2016 09:33,201603,201503,Other Reporting Airports      ,SOUTHAMPTON                   ,ALDERNEY                      , 1558 , 1558 , 0 , 1468 , 1468 , 0 , 6.13079 ,N,N
05-May-2016 09:33,201603,201503,Other Reporting Airports      ,SOUTHAMPTON                   ,BELFAST CITY (GEORGE BEST)    , 9037 , 9037 , 0 , 9308 , 9308 , 0 ,-2.911474 ,N,N
05-May-2016 09:33,201603,201503,Other Reporting Airports      ,SOUTHAMPTON                   ,EDINBURGH                     , 16029 , 16029 , 0 , 15970 , 15970 , 0 , 0.3694427 ,N,N
05-May-2016 09:33,201603,201503,Other Reporting Airports      ,SOUTHAMPTON                   ,GLASGOW                       , 15523 , 15523 , 0 , 14110 , 14110 , 0 , 10.01417 ,N,N
05-May-2016 09:33,201603,201503,Other Reporting Airports      ,SOUTHAMPTON                   ,GUERNSEY                      , 12468 , 12468 , 0 , 11530 , 11530 , 0 , 8.1353 ,N,N
05-May-2016 09:33,201603,201503,Other Reporting Airports      ,SOUTHAMPTON                   ,JERSEY                        , 14951 , 14951 , 0 , 13568 , 13568 , 0 , 10.1931 ,N,N
05-May-2016 09:33,201603,201503,Other Reporting Airports      ,SOUTHAMPTON                   ,LEEDS BRADFORD                , 977 , 977 , 0 , 4210 , 4210 , 0 ,-76.79335 ,N,N
05-May-2016 09:33,201603,201503,Other Reporting Airports      ,SOUTHAMPTON                   ,LIVERPOOL (JOHN LENNON)       , 69 , 0 , 69 , 0 , 0 , 0 ,Null,N,N
05-May-2016 09:33,201603,201503,Other Reporting Airports      ,SOUTHAMPTON                   ,MANCHESTER                    , 14809 , 14809 , 0 , 14806 , 14740 , 66 , 2.026206E-02 ,N,N
05-May-2016 09:33,201603,201503,Other Reporting Airports      ,SOUTHAMPTON                   ,NEWCASTLE                     , 11011 , 11011 , 0 , 9344 , 9344 , 0 , 17.84032 ,N,N
05-May-2016 09:33,201603,201503,London Area Airports          ,STANSTED                      ,BELFAST INTERNATIONAL         , 32569 , 32569 , 0 , 28106 , 28106 , 0 , 15.87917 ,N,N
05-May-2016 09:33,201603,201503,London Area Airports          ,STANSTED                      ,CITY OF DERRY (EGLINTON)      , 11855 , 11855 , 0 , 11294 , 11294 , 0 , 4.967239 ,N,N
05-May-2016 09:33,201603,201503,London Area Airports          ,STANSTED                      ,DUNDEE                        , 1657 , 1657 , 0 , 1378 , 1378 , 0 , 20.24673 ,N,N
05-May-2016 09:33,201603,201503,London Area Airports          ,STANSTED                      ,EDINBURGH                     , 68478 , 68478 , 0 , 47993 , 47993 , 0 , 42.68331 ,N,N
05-May-2016 09:33,201603,201503,London Area Airports          ,STANSTED                      ,GLASGOW                       , 54457 , 54457 , 0 , 37929 , 37929 , 0 , 43.57616 ,N,N
05-May-2016 09:33,201603,201503,London Area Airports          ,STANSTED                      ,GUERNSEY                      , 1534 , 1534 , 0 , 1262 , 1262 , 0 , 21.55309 ,N,N
05-May-2016 09:33,201603,201503,London Area Airports          ,STANSTED                      ,ISLE OF MAN                   , 3056 , 3056 , 0 , 851 , 851 , 0 , 259.1069 ,N,N
05-May-2016 09:33,201603,201503,London Area Airports          ,STANSTED                      ,NEWCASTLE                     , 618 , 618 , 0 , 313 , 313 , 0 , 97.44409 ,N,N
05-May-2016 09:33,201603,201503,London Area Airports          ,STANSTED                      ,NEWQUAY                       , 393 , 393 , 0 , 0 , 0 , 0 ,Null,N,N
05-May-2016 09:33,201603,201503,Other Reporting Airports      ,STORNOWAY                     ,ABERDEEN                      , 456 , 456 , 0 , 481 , 481 , 0 ,-5.197505 ,N,N
05-May-2016 09:33,201603,201503,Other Reporting Airports      ,STORNOWAY                     ,BENBECULA                     , 585 , 585 , 0 , 607 , 607 , 0 ,-3.624382 ,N,N
05-May-2016 09:33,201603,201503,Other Reporting Airports      ,STORNOWAY                     ,EDINBURGH                     , 1480 , 1480 , 0 , 1625 , 1625 , 0 ,-8.923077 ,N,N
05-May-2016 09:33,201603,201503,Other Reporting Airports      ,STORNOWAY                     ,GLASGOW                       , 4801 , 4801 , 0 , 4725 , 4725 , 0 , 1.608466 ,N,N
05-May-2016 09:33,201603,201503,Other Reporting Airports      ,STORNOWAY                     ,INVERNESS                     , 2609 , 2609 , 0 , 2959 , 2959 , 0 ,-11.82832 ,N,N
05-May-2016 09:33,201603,201503,Other Reporting Airports      ,SUMBURGH                      ,ABERDEEN                      , 6045 , 5358 , 687 , 11423 , 6661 , 4762 ,-47.08045 ,N,N
05-May-2016 09:33,201603,201503,Other Reporting Airports      ,SUMBURGH                      ,EDINBURGH                     , 3267 , 3267 , 0 , 3391 , 3391 , 0 ,-3.656739 ,N,N
05-May-2016 09:33,201603,201503,Other Reporting Airports      ,SUMBURGH                      ,GLASGOW                       , 2259 , 2259 , 0 , 2100 , 2100 , 0 , 7.571429 ,N,N
05-May-2016 09:33,201603,201503,Other Reporting Airports      ,SUMBURGH                      ,INVERNESS                     , 261 , 261 , 0 , 265 , 265 , 0 ,-1.509434 ,N,N
05-May-2016 09:33,201603,201503,Other Reporting Airports      ,SUMBURGH                      ,KIRKWALL                      , 1597 , 1597 , 0 , 1528 , 1528 , 0 , 4.515707 ,N,N
05-May-2016 09:33,201603,201503,Other Reporting Airports      ,SUMBURGH                      ,SCATSTA                       , 20 , 0 , 20 , 0 , 0 , 0 ,Null,N,N
05-May-2016 09:33,201603,201503,Other Reporting Airports      ,TIREE                         ,GLASGOW                       , 707 , 707 , 0 , 521 , 521 , 0 , 35.70058 ,N,N
05-May-2016 09:33,201603,201503,Other Reporting Airports      ,WICK JOHN O GROATS            ,ABERDEEN                      , 931 , 931 , 0 , 1090 , 1090 , 0 ,-14.58716 ,N,N
05-May-2016 09:33,201603,201503,Other Reporting Airports      ,WICK JOHN O GROATS            ,EDINBURGH                     , 967 , 967 , 0 , 910 , 910 , 0 , 6.263736 ,N,N
